DRG_DESC,DISCHARGES,AVERAGE_COVERED_CHARGES,AVERAGE_MEDICARE_PAYMENTS,AVERAGE_MEDICARE_REIMBURSEMENT
001 - HEART TRANSPLANT OR IMPLANT OF HEART ASSIST SYSTEM W MCC,2424,1083307.49,263700.1832,227729.6576
002 - HEART TRANSPLANT OR IMPLANT OF HEART ASSIST SYSTEM W/O MCC,191,595900.6911,152507.9267,120716.5655
"003 - ""ECMO OR TRACH W MV >96 HRS OR PDX EXC FACE, MOUTH & NECK W MAJ O.R.",15893,655360.7101,152688.6014,135154.8032
"004 - TRACH W MV >96 HRS OR PDX EXC FACE, MOUTH & NECK W/O MAJ O.R.",13364,364546.7624,85091.59413,75761.32962
005 - LIVER TRANSPLANT W MCC OR INTESTINAL TRANSPLANT,1257,583466.9928,125796.0899,101553.7948
006 - LIVER TRANSPLANT W/O MCC,502,331157.5,56953.36056,38435.97012
007 - LUNG TRANSPLANT,560,655918.4482,123194.9161,92976.46964
008 - SIMULTANEOUS PANCREAS/KIDNEY TRANSPLANT,462,447054.645,78884.19481,43889.90043
010 - PANCREAS TRANSPLANT,41,250307.9024,64482.56098,37325.31707
"011 - TRACHEOSTOMY FOR FACE,MOUTH & NECK DIAGNOSES W MCC",1934,194532.9328,47553.67373,41369.09152
"012 - ""TRACHEOSTOMY FOR FACE, MOUTH & NECK DIAGNOSES OR LARYNGECTOMY W CC""",1975,152054.9494,36555.15291,29643.18228
"013 - TRACHEOSTOMY FOR FACE,MOUTH & NECK DIAGNOSES W/O CC/MCC",578,96608.84948,22429.54498,17599.9654
014 - ALLOGENEIC BONE MARROW TRANSPLANT,999,457932.8158,127373.036,104155.0921
016 - AUTOLOGOUS BONE MARROW TRANSPLANT W CC/MCC,2209,240338.6818,64088.64599,52377.84201
017 - AUTOLOGOUS BONE MARROW TRANSPLANT W/O CC/MCC,111,163445.3063,40354.26126,31742.37838
020 - INTRACRANIAL VASCULAR PROCEDURES W PDX HEMORRHAGE W MCC,1604,409974.27,92085.32793,80996.8884
021 - INTRACRANIAL VASCULAR PROCEDURES W PDX HEMORRHAGE W CC,406,280928.4039,66348.67734,56311.12808
022 - INTRACRANIAL VASCULAR PROCEDURES W PDX HEMORRHAGE W/O CC/MCC,114,177574.8947,48355.98246,39178.2193
023 -  CRANIOTOMY W MAJOR DEVICE IMPLANT OR ACUTE COMPLEX CNS PDX W MCC OR,11522,202505.2162,45294.25855,39613.26818
024 - CRANIO W MAJOR DEV IMPL/ACUTE COMPLEX CNS PDX W/O MCC,3909,142016.6963,30389.47352,25957.73062
025 - CRANIOTOMY & ENDOVASCULAR INTRACRANIAL PROCEDURES W MCC,21563,163598.3855,36211.24746,31100.60734
026 - CRANIOTOMY & ENDOVASCULAR INTRACRANIAL PROCEDURES W CC,8543,112970.7975,25296.53354,21245.52171
027 - CRANIOTOMY & ENDOVASCULAR INTRACRANIAL PROCEDURES W/O CC/MCC,10662,93896.97083,20529.60467,16764.44138
028 - SPINAL PROCEDURES W MCC,2186,192623.3019,45777.00869,39281.01281
029 - SPINAL PROCEDURES W CC OR SPINAL NEUROSTIMULATORS,3891,112622.1457,26636.52711,22139.844
030 - SPINAL PROCEDURES W/O CC/MCC,1614,80602.3575,17495.31351,13750.98141
031 - VENTRICULAR SHUNT PROCEDURES W MCC,1085,144299.0571,34785.44424,29595.38618
032 - VENTRICULAR SHUNT PROCEDURES W CC,1977,76143.15326,17569.63379,14600.37279
033 - VENTRICULAR SHUNT PROCEDURES W/O CC/MCC,2723,61798.45171,13717.02057,11623.66361
034 - CAROTID ARTERY STENT PROCEDURE W MCC,1018,133749.3831,31109.34479,27407.43419
035 - CAROTID ARTERY STENT PROCEDURE W CC,2523,79162.0218,16639.13991,14293.652
036 - CAROTID ARTERY STENT PROCEDURE W/O CC/MCC,3783,58325.47211,12723.44964,10672.81681
037 - EXTRACRANIAL PROCEDURES W MCC,4020,121042.9679,24789.21418,21838.87612
038 - EXTRACRANIAL PROCEDURES W CC,11900,65279.61882,11886.87252,9798.796891
039 - EXTRACRANIAL PROCEDURES W/O CC/MCC,24394,44530.21518,8244.929409,6470.482168
040 - PERIPH/CRANIAL NERVE & OTHER NERV SYST PROC W MCC,4949,133694.0889,30901.44696,26606.21903
041 - PERIPH/CRANIAL NERVE & OTHER NERV SYST PROC W CC OR PERIPH NEUROSTIM,6183,84940.67265,18190.17597,15210.73621
042 - PERIPH/CRANIAL NERVE & OTHER NERV SYST PROC W/O CC/MCC,2420,69708.59215,15185.1095,12245.08884
052 - SPINAL DISORDERS & INJURIES W CC/MCC,838,59254.00239,13269.03699,10922.95107
053 - SPINAL DISORDERS & INJURIES W/O CC/MCC,227,36847.82819,8182.704846,5817.330397
054 - NERVOUS SYSTEM NEOPLASMS W MCC,13793,52830.90829,11307.33981,8990.187776
055 - NERVOUS SYSTEM NEOPLASMS W/O MCC,4322,40605.06617,8670.053679,6640.211939
056 - DEGENERATIVE NERVOUS SYSTEM DISORDERS W MCC,13351,62791.37503,15649.23661,13286.08741
057 - DEGENERATIVE NERVOUS SYSTEM DISORDERS W/O MCC,28348,37763.55591,10133.17261,8250.028185
058 - MULTIPLE SCLEROSIS & CEREBELLAR ATAXIA W MCC,949,66977.25079,14899.66386,11506.2529
059 - MULTIPLE SCLEROSIS & CEREBELLAR ATAXIA W CC,2779,39673.67218,9444.996402,6816.558834
060 - MULTIPLE SCLEROSIS & CEREBELLAR ATAXIA W/O CC/MCC,2439,33158.66708,7636.365724,5146.567036
"061 - ISCHEMIC STROKE, PRECEREBRAL OCCLUSION OR TRANSIENT ISCHEMIA W THROM",5927,106849.2369,21358.65497,18805.39345
"062 - ""ISCHEMIC STROKE, PRECEREBRAL OCCLUSION OR TRANSIENT ISCHEMIA W THRO",10180,81525.16483,14845.61149,12258.49587
"063 - ISCHEMIC STROKE, PRECEREBRAL OCCLUSION OR TRANSIENT ISCHEMIA W THROM",2267,71708.24835,12897.89369,9971.502426
064 - INTRACRANIAL HEMORRHAGE OR CEREBRAL INFARCTION W MCC,83991,64075.29577,13999.72624,11883.14586
065 - INTRACRANIAL HEMORRHAGE OR CEREBRAL INFARCTION W CC OR TPA IN 24 HRS,103596,38899.16948,8091.113392,6307.787193
066 - INTRACRANIAL HEMORRHAGE OR CEREBRAL INFARCTION W/O CC/MCC,34814,30812.28379,6096.191159,4341.306457
067 - NONSPECIFIC CVA & PRECEREBRAL OCCLUSION W/O INFARCT W MCC,977,54137.45752,11002.42989,9306.858751
068 - NONSPECIFIC CVA & PRECEREBRAL OCCLUSION W/O INFARCT W/O MCC,3888,37604.01157,7138.847222,5607.195473
069 - TRANSIENT ISCHEMIA W/O THROMBOLYTIC,41150,33385.9149,5974.684131,4513.760632
070 - NONSPECIFIC CEREBROVASCULAR DISORDERS W MCC,17310,54814.80156,13011.02634,11101.98746
071 - NONSPECIFIC CEREBROVASCULAR DISORDERS W CC,16508,34940.04555,7885.002665,6348.247032
072 - NONSPECIFIC CEREBROVASCULAR DISORDERS W/O CC/MCC,4225,29614.57112,6143.059172,4605.646864
073 - CRANIAL & PERIPHERAL NERVE DISORDERS W MCC,7411,48796.70274,11683.11267,9963.893537
074 - CRANIAL & PERIPHERAL NERVE DISORDERS W/O MCC,16879,36722.61657,8134.191658,6268.503644
075 - VIRAL MENINGITIS W CC/MCC,680,57664.88382,13554.07059,10574.17794
076 - VIRAL MENINGITIS W/O CC/MCC,220,34199.66364,7849.118182,5465.559091
077 - HYPERTENSIVE ENCEPHALOPATHY W MCC,2090,54236.23876,12277.82967,10570.69378
078 - HYPERTENSIVE ENCEPHALOPATHY W CC,2915,37189.51698,7706.768782,6090.680618
079 - HYPERTENSIVE ENCEPHALOPATHY W/O CC/MCC,677,29551.23191,5852.537666,4302.685377
080 - NONTRAUMATIC STUPOR & COMA W MCC,788,62552.19924,14256.89848,12575.56853
081 - NONTRAUMATIC STUPOR & COMA W/O MCC,618,28842.68932,6921.841424,5407.68123
"082 - ""TRAUMATIC STUPOR & COMA, COMA >1 HR W MCC""",7353,80429.05603,18508.89256,16021.48688
"083 - TRAUMATIC STUPOR & COMA, COMA >1 HR W CC",8569,48077.1817,10717.83802,8655.697748
"084 - ""TRAUMATIC STUPOR & COMA, COMA >1 HR W/O CC/MCC""",4854,35077.3115,7858.375979,6001.97363
"085 - TRAUMATIC STUPOR & COMA, COMA <1 HR W MCC",8921,75703.80944,16429.54758,14133.16164
"086 - ""TRAUMATIC STUPOR & COMA, COMA <1 HR W CC""",14784,45336.53619,9601.844697,7745.39536
"087 - TRAUMATIC STUPOR & COMA, COMA <1 HR W/O CC/MCC",9033,32767.83505,7010.573342,5231.201151
088 - CONCUSSION W MCC,758,50100.80607,11627.26913,9354.540897
089 - CONCUSSION W CC,1755,39512.23875,8392.304274,6201.154986
090 - CONCUSSION W/O CC/MCC,760,34827.91579,7064.159211,4852.131579
091 - OTHER DISORDERS OF NERVOUS SYSTEM W MCC,15149,53118.04192,12312.22384,10414.23685
092 - OTHER DISORDERS OF NERVOUS SYSTEM W CC,21329,35057.79188,7668.565427,6132.095504
093 - OTHER DISORDERS OF NERVOUS SYSTEM W/O CC/MCC,7786,30081.57128,6292.281274,4668.369381
094 - BACTERIAL & TUBERCULOUS INFECTIONS OF NERVOUS SYSTEM W MCC,1524,119067.7106,28501.13714,24116.24869
095 - BACTERIAL & TUBERCULOUS INFECTIONS OF NERVOUS SYSTEM W CC,1213,87077.82028,19098.20198,16024.108
096 - BACTERIAL & TUBERCULOUS INFECTIONS OF NERVOUS SYSTEM W/O CC/MCC,495,83800.07273,18117.33131,14021.93939
097 - NON-BACTERIAL INFECT OF NERVOUS SYS EXC VIRAL MENINGITIS W MCC,2351,120809.7308,29183.23224,25470.15313
098 - NON-BACTERIAL INFECT OF NERVOUS SYS EXC VIRAL MENINGITIS W CC,1304,66479.96012,16005.24923,12696.92485
099 - NON-BACTERIAL INFECT OF NERVOUS SYS EXC VIRAL MENINGITIS W/O CC/MCC,519,51387.89017,11716.87091,8216.543353
100 - SEIZURES W MCC,27656,61066.39655,13574.99931,11590.13393
101 - SEIZURES W/O MCC,40726,33266.20098,7209.160389,5489.173943
102 - HEADACHES W MCC,1535,44330.96938,9189.070358,7068.869707
103 - HEADACHES W/O MCC,9146,31818.29346,6770.57424,4468.303849
113 - ORBITAL PROCEDURES W CC/MCC,479,85642.12317,20904.91023,17959.2881
114 - ORBITAL PROCEDURES W/O CC/MCC,144,50403.60417,13100.6875,10174.33333
115 - EXTRAOCULAR PROCEDURES EXCEPT ORBIT,727,60564.91472,14055.85695,11386.4044
116 - INTRAOCULAR PROCEDURES W CC/MCC,401,73347.52369,15807.42893,12831.45885
117 - INTRAOCULAR PROCEDURES W/O CC/MCC,191,45584.16754,11745.50785,8183.518325
121 - ACUTE MAJOR EYE INFECTIONS W CC/MCC,617,42101.31118,10362.70016,7651.12966
122 - ACUTE MAJOR EYE INFECTIONS W/O CC/MCC,164,25484.11585,7704.060976,5252.060976
123 - NEUROLOGICAL EYE DISORDERS,2668,34717.52436,6741.381184,4820.210645
124 - OTHER DISORDERS OF THE EYE W MCC,933,48023.51233,11040.13076,9068.698821
125 - OTHER DISORDERS OF THE EYE W/O MCC,3218,29621.72312,6923.237104,5157.996582
129 - MAJOR HEAD & NECK PROCEDURES W CC/MCC OR MAJOR DEVICE,2105,97299.34204,22589.31211,18257.12542
130 - MAJOR HEAD & NECK PROCEDURES W/O CC/MCC,1082,64108.98059,14038.19871,10790.89187
131 - CRANIAL/FACIAL PROCEDURES W CC/MCC,1282,106456.1365,24340.42746,20083.50546
132 - CRANIAL/FACIAL PROCEDURES W/O CC/MCC,473,66512.66173,14777.19028,11558.4778
"133 - ""OTHER EAR, NOSE, MOUTH & THROAT O.R. PROCEDURES W CC/MCC""",1791,83161.45394,19164.75209,15737.31212
"134 - OTHER EAR, NOSE, MOUTH & THROAT O.R. PROCEDURES W/O CC/MCC",958,49737.42484,10441.45094,8050.444676
135 - SINUS & MASTOID PROCEDURES W CC/MCC,296,91870.41216,21440.11487,17217.4223
136 - SINUS & MASTOID PROCEDURES W/O CC/MCC,90,52763.04444,12522.37778,9592.844444
137 - MOUTH PROCEDURES W CC/MCC,933,49148.03108,12066.28617,9595.152197
138 - MOUTH PROCEDURES W/O CC/MCC,418,35927.05981,8099.574163,6120.30622
139 - SALIVARY GLAND PROCEDURES,246,52919.84146,10430.37398,7987.052846
"146 - EAR, NOSE, MOUTH & THROAT MALIGNANCY W MCC",1068,68402.23689,17591.64045,14863.87266
"147 - ""EAR, NOSE, MOUTH & THROAT MALIGNANCY W CC""",838,44972.1253,11190.77924,9277.668258
"148 - EAR, NOSE, MOUTH & THROAT MALIGNANCY W/O CC/MCC",248,31268.04436,7396.294355,5439.556452
149 - DYSEQUILIBRIUM,15801,29891.3384,5836.125309,4279.331118
150 - EPISTAXIS W MCC,911,41193.78815,10666.56751,9012.541164
151 - EPISTAXIS W/O MCC,2287,22602.77263,6114.470485,4697.581548
152 - OTITIS MEDIA & URI W MCC,4361,35486.47581,8700.901399,6958.03623
153 - OTITIS MEDIA & URI W/O MCC,10411,24905.65123,6042.465373,4388.107386
"154 - OTHER EAR, NOSE, MOUTH & THROAT DIAGNOSES W MCC",2138,50033.18382,12007.22357,10121.20814
"155 - ""OTHER EAR, NOSE, MOUTH & THROAT DIAGNOSES W CC""",4135,32883.11439,7594.440145,5795.933978
"156 - OTHER EAR, NOSE, MOUTH & THROAT DIAGNOSES W/O CC/MCC",1648,24977.01517,5726.76335,4096.202063
157 - DENTAL & ORAL DISEASES W MCC,1944,54615.91255,13601.01389,11282.66358
158 - DENTAL & ORAL DISEASES W CC,3258,31465.91375,7650.918355,5837.361879
159 - DENTAL & ORAL DISEASES W/O CC/MCC,915,25347.37705,5972.311475,4307.254645
163 - MAJOR CHEST PROCEDURES W MCC,11432,164684.5412,37578.06123,32936.54339
164 - MAJOR CHEST PROCEDURES W CC,15587,93238.33233,20415.40284,17229.1321
165 - MAJOR CHEST PROCEDURES W/O CC/MCC,8406,71271.54961,15218.98882,12165.02867
166 - OTHER RESP SYSTEM O.R. PROCEDURES W MCC,32003,126338.3449,28380.92138,24579.7105
167 - OTHER RESP SYSTEM O.R. PROCEDURES W CC,12929,65978.2629,14509.46168,11905.97301
168 - OTHER RESP SYSTEM O.R. PROCEDURES W/O CC/MCC,3261,49573.99325,10690.50138,8041.473474
175 - PULMONARY EMBOLISM W MCC,28158,49113.42677,11126.26802,9242.958484
176 - PULMONARY EMBOLISM W/O MCC,29874,30908.09229,7089.819509,5397.043349
177 - RESPIRATORY INFECTIONS & INFLAMMATIONS W MCC,78031,57990.57385,13313.75393,11693.8004
178 - RESPIRATORY INFECTIONS & INFLAMMATIONS W CC,31265,39560.43186,9664.474108,8100.569519
179 - RESPIRATORY INFECTIONS & INFLAMMATIONS W/O CC/MCC,6006,28514.63353,7177.0338,5645.669664
180 - RESPIRATORY NEOPLASMS W MCC,18605,60922.69008,13460.2954,11457.15679
181 - RESPIRATORY NEOPLASMS W CC,10377,42487.27195,9389.637949,7632.922521
182 - RESPIRATORY NEOPLASMS W/O CC/MCC,590,33372.19322,6873.286441,5393.552542
183 - MAJOR CHEST TRAUMA W MCC,5439,54225.33168,12448.77827,9922.185696
184 - MAJOR CHEST TRAUMA W CC,10769,39219.25536,8962.283035,6248.51834
185 - MAJOR CHEST TRAUMA W/O CC/MCC,3153,28586.16778,6795.080875,4518.35712
186 - PLEURAL EFFUSION W MCC,9922,50192.21427,11568.50736,9887.281193
187 - PLEURAL EFFUSION W CC,6627,36071.66742,8208.462804,6770.063528
188 - PLEURAL EFFUSION W/O CC/MCC,1351,26630.11621,6360.19245,5063.395263
189 - PULMONARY EDEMA & RESPIRATORY FAILURE,150589,40023.90147,9481.567644,7949.881379
190 - CHRONIC OBSTRUCTIVE PULMONARY DISEASE W MCC,144876,36832.8145,8618.565456,7116.787253
191 - CHRONIC OBSTRUCTIVE PULMONARY DISEASE W CC,73700,29632.92361,7034.488399,5642.520326
192 - CHRONIC OBSTRUCTIVE PULMONARY DISEASE W/O CC/MCC,30682,23520.65983,5697.169155,4261.965387
193 - SIMPLE PNEUMONIA & PLEURISY W MCC,167022,42318.53,9993.07984,8404.093964
194 - SIMPLE PNEUMONIA & PLEURISY W CC,126673,29333.55157,7130.322066,5588.579903
195 - SIMPLE PNEUMONIA & PLEURISY W/O CC/MCC,34513,22776.42604,5542.418103,4020.608524
196 - INTERSTITIAL LUNG DISEASE W MCC,8028,53405.15259,12743.56527,10636.76669
197 - INTERSTITIAL LUNG DISEASE W CC,2976,35178.13508,8614.088038,6746.398858
198 - INTERSTITIAL LUNG DISEASE W/O CC/MCC,793,26890.46911,6829.288777,4866.419924
199 - PNEUMOTHORAX W MCC,6381,59829.26595,13866.90989,11681.05313
200 - PNEUMOTHORAX W CC,9688,37831.34434,8654.014864,6614.088873
201 - PNEUMOTHORAX W/O CC/MCC,1879,25272.13784,6130.73603,4409.97818
202 - BRONCHITIS & ASTHMA W CC/MCC,40040,32403.27046,7315.467108,5681.605819
203 - BRONCHITIS & ASTHMA W/O CC/MCC,10343,24011.24152,5815.801895,4183.94344
204 - RESPIRATORY SIGNS & SYMPTOMS,7873,28809.37444,6500.54109,5047.922774
205 - OTHER RESPIRATORY SYSTEM DIAGNOSES W MCC,8447,52564.08394,12983.72049,10480.31763
206 - OTHER RESPIRATORY SYSTEM DIAGNOSES W/O MCC,9701,31552.42006,7326.018864,5588.090609
207 - RESPIRATORY SYSTEM DIAGNOSIS W VENTILATOR SUPPORT >96 HOURS,17205,179692.1565,40613.35007,36594.60639
208 - RESPIRATORY SYSTEM DIAGNOSIS W VENTILATOR SUPPORT <=96 HOURS,54604,83908.06238,17816.41208,15751.24103
215 - OTHER HEART ASSIST SYSTEM IMPLANT,6860,313841.8241,92125.39985,85260.58178
216 - CARDIAC VALVE & OTH MAJ CARDIOTHORACIC PROC W CARD CATH W MCC,6345,364176.5644,79819.89094,71121.61876
217 - CARDIAC VALVE & OTH MAJ CARDIOTHORACIC PROC W CARD CATH W CC,2286,241158.0958,49949.33552,44168.11636
218 - CARDIAC VALVE & OTH MAJ CARDIOTHORACIC PROC W CARD CATH W/O CC/MCC,262,191960.1489,43253.39695,38187.38168
219 - CARDIAC VALVE & OTH MAJ CARDIOTHORACIC PROC W/O CARD CATH W MCC,16289,288114.022,64691.36896,56904.63098
220 - CARDIAC VALVE & OTH MAJ CARDIOTHORACIC PROC W/O CARD CATH W CC,16705,194057.8703,41783.79072,35166.10943
221 - CARDIAC VALVE & OTH MAJ CARDIOTHORACIC PROC W/O CARD CATH W/O CC/MCC,2812,159933.6184,34913.99324,30228.38869
222 - CARDIAC DEFIB IMPLANT W CARDIAC CATH W AMI/HF/SHOCK W MCC,1822,298378.4885,67092.45774,60111.8798
223 - CARDIAC DEFIB IMPLANT W CARDIAC CATH W AMI/HF/SHOCK W/O MCC,545,211670.767,49269.17615,42600.63119
224 - CARDIAC DEFIB IMPLANT W CARDIAC CATH W/O AMI/HF/SHOCK W MCC,2224,265507.7995,58151.40603,51147.16727
225 - CARDIAC DEFIB IMPLANT W CARDIAC CATH W/O AMI/HF/SHOCK W/O MCC,1645,200003.6474,42320.60304,36859.25471
226 - CARDIAC DEFIBRILLATOR IMPLANT W/O CARDIAC CATH W MCC,5081,226614.7914,51472.69711,46648.48927
227 - CARDIAC DEFIBRILLATOR IMPLANT W/O CARDIAC CATH W/O MCC,5151,177195.9456,40390.50845,36032.4007
228 - OTHER CARDIOTHORACIC PROCEDURES W MCC,6057,231122.2552,52621.98547,47951.04061
229 - OTHER CARDIOTHORACIC PROCEDURES W/O MCC,7163,161172.1805,35239.89948,31395.28591
231 - CORONARY BYPASS W PTCA W MCC,980,307201.8041,62005.29184,54343.99184
232 - CORONARY BYPASS W PTCA W/O MCC,688,229462.5436,43117.47384,37872.98547
233 - CORONARY BYPASS W CARDIAC CATH W MCC,12694,272007.5002,53659.09028,46963.38183
234 - CORONARY BYPASS W CARDIAC CATH W/O MCC,14698,188258.8136,36884.02354,30409.2318
235 - CORONARY BYPASS W/O CARDIAC CATH W MCC,11116,208623.3777,43803.54462,37730.56063
236 - CORONARY BYPASS W/O CARDIAC CATH W/O MCC,19497,146285.1952,29255.9722,24201.49249
239 - AMPUTATION FOR CIRC SYS DISORDERS EXC UPPER LIMB & TOE W MCC,9870,141150.0092,33575.85269,30059.91206
240 - AMPUTATION FOR CIRC SYS DISORDERS EXC UPPER LIMB & TOE W CC,8300,84949.39482,19305.4494,16954.90133
241 - AMPUTATION FOR CIRC SYS DISORDERS EXC UPPER LIMB & TOE W/O CC/MCC,605,47527.42149,11224.79504,9618.67438
242 - PERMANENT CARDIAC PACEMAKER IMPLANT W MCC,19429,123896.4692,26902.83514,24486.91605
243 - PERMANENT CARDIAC PACEMAKER IMPLANT W CC,25388,87376.91669,18840.10095,16725.20612
244 - PERMANENT CARDIAC PACEMAKER IMPLANT W/O CC/MCC,15447,71399.05716,15515.3859,13234.94148
245 - AICD GENERATOR PROCEDURES,2113,180609.4808,42357.98817,38106.74681
246 - PERCUTANEOUS CARDIOVASCULAR PROCEDURES W DRUG-ELUTING STENT W MCC OR,48777,128233.9484,24509.261,21322.26271
247 - PERC CARDIOVASC PROC W DRUG-ELUTING STENT W/O MCC,86597,88355.58658,15976.8179,12803.95337
248 - PERCUTANEOUS CARDIOVASCULAR PROCEDURES W NON-DRUG-ELUTING STENT W MC,3461,120743.881,22302.96302,19843.28922
249 - PERC CARDIOVASC PROC W NON-DRUG-ELUTING STENT W/O MCC,4540,81384.47996,14012.33855,11690.06189
250 - PERC CARDIOVASC PROC W/O CORONARY ARTERY STENT W MCC,4171,102047.2383,19187.25438,16612.62
251 - PERC CARDIOVASC PROC W/O CORONARY ARTERY STENT W/O MCC,5610,72187.26809,12430.79358,10054.45419
252 - OTHER VASCULAR PROCEDURES W MCC,35316,115517.0832,25940.82923,23401.50773
253 - OTHER VASCULAR PROCEDURES W CC,25644,93808.87615,19748.53853,17042.65563
254 - OTHER VASCULAR PROCEDURES W/O CC/MCC,12046,66037.47775,13736.6642,11324.53254
255 - UPPER LIMB & TOE AMPUTATION FOR CIRC SYSTEM DISORDERS W MCC,2273,82578.1927,18460.44567,16165.99296
256 - UPPER LIMB & TOE AMPUTATION FOR CIRC SYSTEM DISORDERS W CC,2259,54573.26251,12981.90615,11028.50509
257 - UPPER LIMB & TOE AMPUTATION FOR CIRC SYSTEM DISORDERS W/O CC/MCC,106,35672.29245,9422.028302,8075.264151
258 - CARDIAC PACEMAKER DEVICE REPLACEMENT W MCC,664,105349.1099,23761.15512,21307.99849
259 - CARDIAC PACEMAKER DEVICE REPLACEMENT W/O MCC,1021,72391.08521,15341.38883,13660.93438
260 - CARDIAC PACEMAKER REVISION EXCEPT DEVICE REPLACEMENT W MCC,2672,132089.4746,30330.46183,26416.12537
261 - CARDIAC PACEMAKER REVISION EXCEPT DEVICE REPLACEMENT W CC,3501,71006.09312,14975.33391,12724.78492
262 - CARDIAC PACEMAKER REVISION EXCEPT DEVICE REPLACEMENT W/O CC/MCC,1536,59858.99023,12177.49544,10253.63412
263 - VEIN LIGATION & STRIPPING,322,85166.28261,18786.58075,16523.35093
264 - OTHER CIRCULATORY SYSTEM O.R. PROCEDURES,12738,114860.0616,26195.13762,22711.00086
265 - AICD LEAD PROCEDURES,655,110599.5695,27240.6687,23290.92824
266 - ENDOVASCULAR CARDIAC VALVE REPLACEMENT W MCC,16450,238253.1183,57328.20505,54504.98006
267 - ENDOVASCULAR CARDIAC VALVE REPLACEMENT W/O MCC,22549,191297.7766,46107.30729,43564.46064
268 - AORTIC AND HEART ASSIST PROCEDURES EXCEPT PULSATION BALLOON W MCC,3756,238122.6419,54000.8557,48833.44968
269 - AORTIC AND HEART ASSIST PROCEDURES EXCEPT PULSATION BALLOON W/O MCC,16949,133245.1426,30738.75167,27135.53419
270 - OTHER MAJOR CARDIOVASCULAR PROCEDURES W MCC,18597,183247.4112,40304.72453,35784.80787
271 - OTHER MAJOR CARDIOVASCULAR PROCEDURES W CC,14599,125291.9273,26089.87273,22934.39489
272 - OTHER MAJOR CARDIOVASCULAR PROCEDURES W/O CC/MCC,5539,92630.1865,19037.7375,16016.59722
273 - PERCUTANEOUS INTRACARDIAC PROCEDURES W MCC,8394,149161.9995,28829.29247,25487.73707
274 - PERCUTANEOUS INTRACARDIAC PROCEDURES W/O MCC,22305,119507.0242,20868.19606,18372.15871
"280 - ""ACUTE MYOCARDIAL INFARCTION, DISCHARGED ALIVE W MCC""",88309,55184.79639,12472.31134,10752.74097
"281 - ACUTE MYOCARDIAL INFARCTION, DISCHARGED ALIVE W CC",47423,36956.97912,7692.649115,6120.472387
"282 - ""ACUTE MYOCARDIAL INFARCTION, DISCHARGED ALIVE W/O CC/MCC""",22269,30579.30163,6076.867349,4505.250034
"283 - ACUTE MYOCARDIAL INFARCTION, EXPIRED W MCC",10502,66490.09017,14308.71672,12557.55151
"284 - ""ACUTE MYOCARDIAL INFARCTION, EXPIRED W CC""",1183,27848.03973,6156.284024,4911.083686
"285 - ACUTE MYOCARDIAL INFARCTION, EXPIRED W/O CC/MCC",328,20665.16463,4625.859756,3193.710366
"286 - ""CIRCULATORY DISORDERS EXCEPT AMI, W CARD CATH W MCC""",41621,82864.89871,18072.0754,15241.94082
"287 - CIRCULATORY DISORDERS EXCEPT AMI, W CARD CATH W/O MCC",61587,49210.23359,9155.383474,7101.600143
288 - ACUTE & SUBACUTE ENDOCARDITIS W MCC,1400,82749.83571,20487.92643,17676.95929
289 - ACUTE & SUBACUTE ENDOCARDITIS W CC,732,54510.14071,13041.78415,10815.70628
290 - ACUTE & SUBACUTE ENDOCARDITIS W/O CC/MCC,99,34796.51515,8689.49495,6151.989899
291 - HEART FAILURE & SHOCK W MCC,383307,43573.93186,10919.99852,9462.798308
292 - HEART FAILURE & SHOCK W CC,94125,30030.65686,7522.249158,6121.182959
293 - HEART FAILURE & SHOCK W/O CC/MCC,34999,22396.41136,5406.021372,4137.665048
294 - DEEP VEIN THROMBOPHLEBITIS W CC/MCC,254,43930.87008,8906.527559,7023.26378
295 - DEEP VEIN THROMBOPHLEBITIS W/O CC/MCC,17,23108.76471,6550.294118,5261.352941
"296 - ""CARDIAC ARREST, UNEXPLAINED W MCC OR PERIPHERAL EXTRACORPOREAL MEMB",4076,60206.86948,12209.04269,10612.41291
"297 - CARDIAC ARREST, UNEXPLAINED W CC",425,28405.04941,5662.915294,4405.581177
"298 - ""CARDIAC ARREST, UNEXPLAINED W/O CC/MCC""",194,19823.75773,4171.448454,3079.242268
299 - PERIPHERAL VASCULAR DISORDERS W MCC,18430,48057.06799,11327.40944,9584.731742
300 - PERIPHERAL VASCULAR DISORDERS W CC,28557,33993.67556,8159.038555,6601.169346
301 - PERIPHERAL VASCULAR DISORDERS W/O CC/MCC,8697,25495.32103,6024.390824,4515.168909
302 - ATHEROSCLEROSIS W MCC,4034,38604.2412,9005.836391,7597.633366
303 - ATHEROSCLEROSIS W/O MCC,13671,25462.1904,5564.723502,4195.042206
304 - HYPERTENSION W MCC,16523,37414.47219,8653.194275,7136.875023
305 - HYPERTENSION W/O MCC,29471,27252.33161,5671.976757,4135.48183
306 - CARDIAC CONGENITAL & VALVULAR DISORDERS W MCC,3399,47951.80259,11878.04796,9992.91115
307 - CARDIAC CONGENITAL & VALVULAR DISORDERS W/O MCC,3318,32434.04973,7078.556661,5699.35865
308 - CARDIAC ARRHYTHMIA & CONDUCTION DISORDERS W MCC,72283,39967.73259,9138.907336,7583.475354
309 - CARDIAC ARRHYTHMIA & CONDUCTION DISORDERS W CC,87676,26519.59339,6121.433642,4676.663705
310 - CARDIAC ARRHYTHMIA & CONDUCTION DISORDERS W/O CC/MCC,59597,20300.79536,4576.121432,3031.668742
311 - ANGINA PECTORIS,5408,27440.49556,5779.239645,4405.605584
312 - SYNCOPE & COLLAPSE,71079,31072.9119,6496.67228,5094.716119
313 - CHEST PAIN,44287,28126.84932,5765.366022,4395.034028
314 - OTHER CIRCULATORY SYSTEM DIAGNOSES W MCC,45649,65994.54582,15736.91792,13437.16999
315 - OTHER CIRCULATORY SYSTEM DIAGNOSES W CC,20131,34973.25871,8073.784412,6339.311708
316 - OTHER CIRCULATORY SYSTEM DIAGNOSES W/O CC/MCC,3956,28459.11224,6212.606168,4718.086451
"326 - STOMACH, ESOPHAGEAL & DUODENAL PROC W MCC",10650,180086.8821,39153.46742,34294.96451
"327 - ""STOMACH, ESOPHAGEAL & DUODENAL PROC W CC""",10173,95189.90878,18644.01514,14905.36754
"328 - STOMACH, ESOPHAGEAL & DUODENAL PROC W/O CC/MCC",8082,60248.55593,12224.88716,9490.169513
329 - MAJOR SMALL & LARGE BOWEL PROCEDURES W MCC,35591,162422.2197,37713.7832,33474.47211
330 - MAJOR SMALL & LARGE BOWEL PROCEDURES W CC,55307,86577.0328,18846.84418,15604.21965
331 - MAJOR SMALL & LARGE BOWEL PROCEDURES W/O CC/MCC,26705,59050.57188,12952.38854,10140.05857
332 - RECTAL RESECTION W MCC,170,117797.0118,30166.91177,25775.77647
333 - RECTAL RESECTION W CC,609,82128.47619,16003.41708,12948.23645
334 - RECTAL RESECTION W/O CC/MCC,581,56903.72806,10724.0654,7964.805508
335 - PERITONEAL ADHESIOLYSIS W MCC,5358,135352.0196,30855.82568,27374.57204
336 - PERITONEAL ADHESIOLYSIS W CC,9602,77816.02749,17700.95178,14776.43137
337 - PERITONEAL ADHESIOLYSIS W/O CC/MCC,4656,58408.82345,12579.76697,9928.873711
338 - APPENDECTOMY W COMPLICATED PRINCIPAL DIAG W MCC,889,94774.98088,20796.56805,18024.90551
339 - APPENDECTOMY W COMPLICATED PRINCIPAL DIAG W CC,3038,61514.38611,13005.60467,10111.81073
340 - APPENDECTOMY W COMPLICATED PRINCIPAL DIAG W/O CC/MCC,2830,45252.83781,9561.213781,6766.828622
341 - APPENDECTOMY W/O COMPLICATED PRINCIPAL DIAG W MCC,607,83326.12685,18715.9374,16095.72982
342 - APPENDECTOMY W/O COMPLICATED PRINCIPAL DIAG W CC,1843,56177.47477,11429.19316,9050.504612
343 - APPENDECTOMY W/O COMPLICATED PRINCIPAL DIAG W/O CC/MCC,2168,44006.36762,8306.890683,6076.528598
344 - MINOR SMALL & LARGE BOWEL PROCEDURES W MCC,1432,99952.71927,23378.47207,20105.86872
345 - MINOR SMALL & LARGE BOWEL PROCEDURES W CC,2603,56333.63849,12275.11948,10023.81829
346 - MINOR SMALL & LARGE BOWEL PROCEDURES W/O CC/MCC,1093,45791.27539,8576.555352,6499.767612
347 - ANAL & STOMAL PROCEDURES W MCC,934,91596.11135,20912.19593,18673.40899
348 - ANAL & STOMAL PROCEDURES W CC,2188,51004.87934,10958.80393,9059.464808
349 - ANAL & STOMAL PROCEDURES W/O CC/MCC,1149,36990.20366,8107.682333,6254.464752
350 - INGUINAL & FEMORAL HERNIA PROCEDURES W MCC,1424,87728.59761,19116.96629,16602.93961
351 - INGUINAL & FEMORAL HERNIA PROCEDURES W CC,3347,55589.14252,11392.40245,9582.433224
352 - INGUINAL & FEMORAL HERNIA PROCEDURES W/O CC/MCC,2658,43212.07412,8242.658766,6320.870956
353 - HERNIA PROCEDURES EXCEPT INGUINAL & FEMORAL W MCC,2873,104362.6854,24218.56283,20638.82214
354 - HERNIA PROCEDURES EXCEPT INGUINAL & FEMORAL W CC,7881,62958.98744,13761.3242,10873.92653
355 - HERNIA PROCEDURES EXCEPT INGUINAL & FEMORAL W/O CC/MCC,5954,50077.54065,10532.75076,7988.689956
356 - OTHER DIGESTIVE SYSTEM O.R. PROCEDURES W MCC,7367,137501.9091,30587.79843,26859.41319
357 - OTHER DIGESTIVE SYSTEM O.R. PROCEDURES W CC,6076,77924.8132,16311.76448,13845.65619
358 - OTHER DIGESTIVE SYSTEM O.R. PROCEDURES W/O CC/MCC,1246,53068.70787,11484.3138,9101.225522
368 - MAJOR ESOPHAGEAL DISORDERS W MCC,3042,69764.60848,15414.26101,13247.8455
369 - MAJOR ESOPHAGEAL DISORDERS W CC,3989,38278.56606,8566.634996,6769.169967
370 - MAJOR ESOPHAGEAL DISORDERS W/O CC/MCC,541,29307.31608,6255.338263,4429.970425
371 - MAJOR GASTROINTESTINAL DISORDERS & PERITONEAL INFECTIONS W MCC,18627,54099.3991,13184.45783,11381.91539
372 - MAJOR GASTROINTESTINAL DISORDERS & PERITONEAL INFECTIONS W CC,27442,33650.63563,8133.419139,6658.458057
373 - MAJOR GASTROINTESTINAL DISORDERS & PERITONEAL INFECTIONS W/O CC/MCC,6856,25574.50613,6023.967474,4539.138419
374 - DIGESTIVE MALIGNANCY W MCC,11411,68769.98957,16533.15958,14033.27999
375 - DIGESTIVE MALIGNANCY W CC,13258,44038.47496,10084.97149,8169.028209
376 - DIGESTIVE MALIGNANCY W/O CC/MCC,1140,36728.17456,7974.158772,6038.116667
377 - G.I. HEMORRHAGE W MCC,67109,59312.47378,13122.37745,11453.42111
378 - G.I. HEMORRHAGE W CC,131686,34992.2785,7524.330726,6008.119663
379 - G.I. HEMORRHAGE W/O CC/MCC,17406,23989.17017,5306.467712,3815.985407
380 - COMPLICATED PEPTIC ULCER W MCC,5690,64052.61863,14716.50879,12726.70422
381 - COMPLICATED PEPTIC ULCER W CC,7676,38957.39786,8309.044945,6770.505602
382 - COMPLICATED PEPTIC ULCER W/O CC/MCC,1569,30443.50542,6457.133206,4851.087317
383 - UNCOMPLICATED PEPTIC ULCER W MCC,1261,47416.92546,10543.58763,9081.259318
384 - UNCOMPLICATED PEPTIC ULCER W/O MCC,4414,34157.80086,6895.309923,5339.229271
385 - INFLAMMATORY BOWEL DISEASE W MCC,2803,55336.71495,13599.604,11204.84695
386 - INFLAMMATORY BOWEL DISEASE W CC,9094,33874.15615,7925.630196,5952.70684
387 - INFLAMMATORY BOWEL DISEASE W/O CC/MCC,2478,27414.72357,6196.508071,4349.336562
388 - G.I. OBSTRUCTION W MCC,19255,50440.49198,11721.69234,9976.380732
389 - G.I. OBSTRUCTION W CC,49504,29733.08599,6737.548117,5177.959761
390 - G.I. OBSTRUCTION W/O CC/MCC,31114,21636.28765,5006.280967,3333.41139
"391 - ESOPHAGITIS, GASTROENT & MISC DIGEST DISORDERS W MCC",42475,43398.02821,9919.206522,8247.223308
"392 - ""ESOPHAGITIS, GASTROENT & MISC DIGEST DISORDERS W/O MCC""",145177,28697.83853,6158.229224,4577.085516
393 - OTHER DIGESTIVE SYSTEM DIAGNOSES W MCC,25243,56557.41243,13580.36707,11497.14048
394 - OTHER DIGESTIVE SYSTEM DIAGNOSES W CC,39465,34197.83598,7652.322184,6023.567744
395 - OTHER DIGESTIVE SYSTEM DIAGNOSES W/O CC/MCC,9909,25205.33858,5671.068725,4083.29337
"405 - ""PANCREAS, LIVER & SHUNT PROCEDURES W MCC""",4022,203575.4664,48374.71929,41379.63426
"406 - PANCREAS, LIVER & SHUNT PROCEDURES W CC",4839,110946.6716,25494.30151,20678.48357
"407 - ""PANCREAS, LIVER & SHUNT PROCEDURES W/O CC/MCC""",1729,83414.65067,18157.00925,14400.00174
408 - BILIARY TRACT PROC EXCEPT ONLY CHOLECYST W OR W/O C.D.E. W MCC,866,136701.9203,34136.1836,29964.10624
409 - BILIARY TRACT PROC EXCEPT ONLY CHOLECYST W OR W/O C.D.E. W CC,735,90878.96599,19907.11973,16500.75102
410 - BILIARY TRACT PROC EXCEPT ONLY CHOLECYST W OR W/O C.D.E. W/O CC/MCC,261,65963.21839,14582.26054,11672.47893
411 - CHOLECYSTECTOMY W C.D.E. W MCC,224,138188.5982,27172.37946,23646.07589
412 - CHOLECYSTECTOMY W C.D.E. W CC,243,88141.37037,17818.68724,15020.18519
413 - CHOLECYSTECTOMY W C.D.E. W/O CC/MCC,127,61788,12974.23622,11075.62205
414 - CHOLECYSTECTOMY EXCEPT BY LAPAROSCOPE W/O C.D.E. W MCC,2093,119318.3325,27383.49403,24197.6732
415 - CHOLECYSTECTOMY EXCEPT BY LAPAROSCOPE W/O C.D.E. W CC,2697,74900.53133,15529.90693,12770.70337
416 - CHOLECYSTECTOMY EXCEPT BY LAPAROSCOPE W/O C.D.E. W/O CC/MCC,1442,50581.86616,11048.30583,8400.680999
417 - LAPAROSCOPIC CHOLECYSTECTOMY W/O C.D.E. W MCC,13651,88868.42114,18101.13581,15427.91971
418 - LAPAROSCOPIC CHOLECYSTECTOMY W/O C.D.E. W CC,21945,64041.79995,12374.98282,10116.90057
419 - LAPAROSCOPIC CHOLECYSTECTOMY W/O C.D.E. W/O CC/MCC,15249,51735.28238,9955.332874,7634.135878
420 - HEPATOBILIARY DIAGNOSTIC PROCEDURES W MCC,712,128664.8905,34327.04494,29332.50843
421 - HEPATOBILIARY DIAGNOSTIC PROCEDURES W CC,752,71058.60372,15710.38165,12828.6117
422 - HEPATOBILIARY DIAGNOSTIC PROCEDURES W/O CC/MCC,177,56529.87006,12906.50848,9971.932203
423 - OTHER HEPATOBILIARY OR PANCREAS O.R. PROCEDURES W MCC,902,154435.3204,35687.96785,30378.98337
424 - OTHER HEPATOBILIARY OR PANCREAS O.R. PROCEDURES W CC,396,82553.39141,19283.6995,16275.03283
425 - OTHER HEPATOBILIARY OR PANCREAS O.R. PROCEDURES W/O CC/MCC,71,58813.19718,13163.83099,10470.4507
432 - CIRRHOSIS & ALCOHOLIC HEPATITIS W MCC,15891,62830.23938,15047.46467,12681.17639
433 - CIRRHOSIS & ALCOHOLIC HEPATITIS W CC,11966,36617.36846,8495.23174,6854.61984
434 - CIRRHOSIS & ALCOHOLIC HEPATITIS W/O CC/MCC,692,23442.91908,5698.50578,4334.183526
435 - MALIGNANCY OF HEPATOBILIARY SYSTEM OR PANCREAS W MCC,13691,63498.71857,13978.34373,11519.92842
436 - MALIGNANCY OF HEPATOBILIARY SYSTEM OR PANCREAS W CC,7777,42774.19133,9370.134885,7474.41237
437 - MALIGNANCY OF HEPATOBILIARY SYSTEM OR PANCREAS W/O CC/MCC,777,36507.94852,7706.19305,5931.765766
438 - DISORDERS OF PANCREAS EXCEPT MALIGNANCY W MCC,14753,57117.7309,13566.39917,11306.17922
439 - DISORDERS OF PANCREAS EXCEPT MALIGNANCY W CC,25624,31474.42944,7132.784928,5343.662855
440 - DISORDERS OF PANCREAS EXCEPT MALIGNANCY W/O CC/MCC,13463,23874.19944,5313.575429,3603.822179
"441 - ""DISORDERS OF LIVER EXCEPT MALIG,CIRR,ALC HEPA W MCC""",19480,62437.23152,15213.975,12746.95883
"442 - DISORDERS OF LIVER EXCEPT MALIG,CIRR,ALC HEPA W CC",17672,32861.41874,7909.923551,6210.05919
"443 - ""DISORDERS OF LIVER EXCEPT MALIG,CIRR,ALC HEPA W/O CC/MCC""",2949,25532.00577,5967.629366,4371.651746
444 - DISORDERS OF THE BILIARY TRACT W MCC,13120,59014.79024,12892.11197,10896.13788
445 - DISORDERS OF THE BILIARY TRACT W CC,18671,41111.34122,8533.68443,6803.156017
446 - DISORDERS OF THE BILIARY TRACT W/O CC/MCC,7312,31984.04117,6484.736734,4852.825766
453 - COMBINED ANTERIOR/POSTERIOR SPINAL FUSION W MCC,3542,317925.5195,79490.61519,69647.78515
454 - COMBINED ANTERIOR/POSTERIOR SPINAL FUSION W CC,17857,196481.9843,50292.0322,43339.72862
455 - COMBINED ANTERIOR/POSTERIOR SPINAL FUSION W/O CC/MCC,19246,144386.1242,37083.98441,31295.68352
456 - SPINAL FUS EXC CERV W SPINAL CURV/MALIG/INFEC OR EXT FUS W MCC,1486,321110.6588,79037.21265,70229.6568
457 - SPINAL FUS EXC CERV W SPINAL CURV/MALIG/INFEC OR EXT FUS W CC,3854,218328.801,55095.15854,48373.7849
458 - SPINAL FUS EXC CERV W SPINAL CURV/MALIG/INFEC OR EXT FUS W/O CC/MCC,1340,149334.9403,40562.19328,35537.36045
459 - SPINAL FUSION EXCEPT CERVICAL W MCC,4379,210316.6652,46922.95935,41150.97283
460 - SPINAL FUSION EXCEPT CERVICAL W/O MCC,57099,123928.9922,29830.73583,25099.86527
461 - BILATERAL OR MULTIPLE MAJOR JOINT PROCS OF LOWER EXTREMITY W MCC,274,178308.1168,40522.90876,34786.83212
462 - BILATERAL OR MULTIPLE MAJOR JOINT PROCS OF LOWER EXTREMITY W/O MCC,7622,97160.87143,25089.20638,19340.33941
"463 - ""WND DEBRID & SKN GRFT EXC HAND, FOR MUSCULO-CONN TISS DIS W MCC""",5958,160892.4998,39087.54733,34024.59651
"464 - WND DEBRID & SKN GRFT EXC HAND, FOR MUSCULO-CONN TISS DIS W CC",10476,95879.58667,22144.44779,18684.22719
"465 - ""WND DEBRID & SKN GRFT EXC HAND, FOR MUSCULO-CONN TISS DIS W/O CC/MC",3718,66264.71221,14818.56401,11941.12211
466 - REVISION OF HIP OR KNEE REPLACEMENT W MCC,4506,155629.587,35731.53351,32307.32268
467 - REVISION OF HIP OR KNEE REPLACEMENT W CC,22384,109977.668,25303.10646,21839.51398
468 - REVISION OF HIP OR KNEE REPLACEMENT W/O CC/MCC,18933,88320.60265,20632.91787,17115.36075
469 - MAJOR HIP AND KNEE JOINT REPLACEMENT OR REATTACHMENT OF LOWER EXTREM,29102,97936.6259,22365.24617,19820.97639
470 - MAJOR HIP AND KNEE JOINT REPLACEMENT OR REATTACHMENT OF LOWER EXTREM,464246,62633.67569,15006.63687,11835.84639
471 - CERVICAL SPINAL FUSION W MCC,3704,172994.3907,39220.77484,34352.23083
472 - CERVICAL SPINAL FUSION W CC,15664,103845.007,22594.8141,18448.01685
473 - CERVICAL SPINAL FUSION W/O CC/MCC,14380,82560.29124,17235.54395,13612.43999
474 - AMPUTATION FOR MUSCULOSKELETAL SYS & CONN TISSUE DIS W MCC,3509,119739.9912,28793.82987,25442.76575
475 - AMPUTATION FOR MUSCULOSKELETAL SYS & CONN TISSUE DIS W CC,3658,67253.78322,16106.3819,13586.32176
476 - AMPUTATION FOR MUSCULOSKELETAL SYS & CONN TISSUE DIS W/O CC/MCC,771,40692.85344,9446.159533,7282.494163
477 - BIOPSIES OF MUSCULOSKELETAL SYSTEM & CONNECTIVE TISSUE W MCC,3549,109788.1527,25295.0386,22064.03579
478 - BIOPSIES OF MUSCULOSKELETAL SYSTEM & CONNECTIVE TISSUE W CC,6821,81297.64419,16918.11054,14482.84621
479 - BIOPSIES OF MUSCULOSKELETAL SYSTEM & CONNECTIVE TISSUE W/O CC/MCC,1781,62498.92139,13118.25379,11032.8877
480 - HIP & FEMUR PROCEDURES EXCEPT MAJOR JOINT W MCC,29937,96910.39249,21509.65675,19419.24856
481 - HIP & FEMUR PROCEDURES EXCEPT MAJOR JOINT W CC,78563,68771.16347,14760.93942,12875.20711
482 - HIP & FEMUR PROCEDURES EXCEPT MAJOR JOINT W/O CC/MCC,22537,54799.4474,12253.81542,10265.44482
483 - MAJOR JOINT/LIMB REATTACHMENT PROCEDURE OF UPPER EXTREMITIES,65574,75276.91652,17547.98894,14732.86618
485 - KNEE PROCEDURES W PDX OF INFECTION W MCC,1069,111372.2198,26209.54256,22400.44808
486 - KNEE PROCEDURES W PDX OF INFECTION W CC,2256,74135.43174,16923.08333,14411.59264
487 - KNEE PROCEDURES W PDX OF INFECTION W/O CC/MCC,634,56427.9101,13180.34069,9937.094637
488 - KNEE PROCEDURES W/O PDX OF INFECTION W CC/MCC,3043,68168.4351,15540.49326,12504.05718
489 - KNEE PROCEDURES W/O PDX OF INFECTION W/O CC/MCC,2619,44046.55212,9830.73425,7462.760596
"492 - ""LOWER EXTREM & HUMER PROC EXCEPT HIP,FOOT,FEMUR W MCC""",6590,113134.5551,24950.39287,21753.04613
"493 - LOWER EXTREM & HUMER PROC EXCEPT HIP,FOOT,FEMUR W CC",19631,78629.31562,16848.13626,14058.0732
"494 - ""LOWER EXTREM & HUMER PROC EXCEPT HIP,FOOT,FEMUR W/O CC/MCC""",12926,62057.30876,13439.53891,10881.08533
495 - LOCAL EXCISION & REMOVAL INT FIX DEVICES EXC HIP & FEMUR W MCC,529,117357.6163,26072.65028,22054.63327
496 - LOCAL EXCISION & REMOVAL INT FIX DEVICES EXC HIP & FEMUR W CC,1882,73077.76674,16166.67535,13285.91392
497 - LOCAL EXCISION & REMOVAL INT FIX DEVICES EXC HIP & FEMUR W/O CC/MCC,1168,53027.82363,11334.82706,8786.831336
498 - LOCAL EXCISION & REMOVAL INT FIX DEVICES OF HIP & FEMUR W CC/MCC,1243,92296.18343,21016.86002,18433.84312
499 - LOCAL EXCISION & REMOVAL INT FIX DEVICES OF HIP & FEMUR W/O CC/MCC,293,45704.12969,10059.05461,8219.576792
500 - SOFT TISSUE PROCEDURES W MCC,2752,101380.7191,23945.11156,20867.86301
501 - SOFT TISSUE PROCEDURES W CC,6236,58743.03303,13248.30917,10850.9923
502 - SOFT TISSUE PROCEDURES W/O CC/MCC,3448,47079.08788,10130.72564,7868.293504
503 - FOOT PROCEDURES W MCC,1080,90473.08056,19911.45648,17185.98796
504 - FOOT PROCEDURES W CC,3121,59577.07337,13584.60429,11121.30279
505 - FOOT PROCEDURES W/O CC/MCC,1268,56599.49369,12175.38092,9725.873817
506 - MAJOR THUMB OR JOINT PROCEDURES,474,48655.38186,11666.6308,8952.109705
507 - MAJOR SHOULDER OR ELBOW JOINT PROCEDURES W CC/MCC,483,76415.12008,16286.59627,13440.09317
508 - MAJOR SHOULDER OR ELBOW JOINT PROCEDURES W/O CC/MCC,186,55079.19355,12617.31183,9758.83871
509 - ARTHROSCOPY,62,46782.37097,13016.37097,11311.03226
"510 - ""SHOULDER,ELBOW OR FOREARM PROC,EXC MAJOR JOINT PROC W MCC""",1140,95020.19298,19312.65877,16367.24737
"511 - SHOULDER,ELBOW OR FOREARM PROC,EXC MAJOR JOINT PROC W CC",3357,66965.94013,13404.07834,11013.7188
"512 - ""SHOULDER,ELBOW OR FOREARM PROC,EXC MAJOR JOINT PROC W/O CC/MCC""",2332,55003.52359,11357.17238,9188.009863
"513 - HAND OR WRIST PROC, EXCEPT MAJOR THUMB OR JOINT PROC W CC/MCC",1769,56369.09723,13035.96043,10523.31261
"514 - ""HAND OR WRIST PROC, EXCEPT MAJOR THUMB OR JOINT PROC W/O CC/MCC""",603,40275.09121,8682.699834,6196.671642
515 - OTHER MUSCULOSKELET SYS & CONN TISS O.R. PROC W MCC,4987,107602.624,23082.15861,19940.85302
516 - OTHER MUSCULOSKELET SYS & CONN TISS O.R. PROC W CC,13624,69229.609,14233.17792,11908.91706
517 - OTHER MUSCULOSKELET SYS & CONN TISS O.R. PROC W/O CC/MCC,12776,52553.04735,11002.90866,8737.841813
518 - BACK & NECK PROC EXC SPINAL FUSION W MCC OR DISC DEVICE/NEUROSTIM,2767,116940.2093,23660.87821,20385.7687
519 - BACK & NECK PROC EXC SPINAL FUSION W CC,8607,70869.21471,14427.20507,11533.79064
520 - BACK & NECK PROC EXC SPINAL FUSION W/O CC/MCC,7967,51369.48299,10225.91641,7686.697502
533 - FRACTURES OF FEMUR W MCC,980,45138.33163,11224.16225,9575.962245
534 - FRACTURES OF FEMUR W/O MCC,2733,24664.41676,6040.933041,4553.946945
535 - FRACTURES OF HIP & PELVIS W MCC,7878,40031.48134,9613.869129,8040.777482
536 - FRACTURES OF HIP & PELVIS W/O MCC,24708,25051.94269,5867.985511,4453.373442
"537 - SPRAINS, STRAINS, & DISLOCATIONS OF HIP, PELVIS & THIGH W CC/MCC",840,31440.12976,7735.07381,6183.508333
"538 - ""SPRAINS, STRAINS, & DISLOCATIONS OF HIP, PELVIS & THIGH W/O CC/MCC""",383,25143.10444,5567.885118,4085.900783
539 - OSTEOMYELITIS W MCC,3112,56836.76928,14765.90746,12595.48265
540 - OSTEOMYELITIS W CC,3275,41005.86534,10476.21435,8482.18229
541 - OSTEOMYELITIS W/O CC/MCC,703,29738.22902,7804.432432,6069.258891
542 - PATHOLOGICAL FRACTURES & MUSCULOSKELET & CONN TISS MALIG W MCC,7701,59111.6529,14120.2971,11991.10271
543 - PATHOLOGICAL FRACTURES & MUSCULOSKELET & CONN TISS MALIG W CC,14469,36901.36347,8582.553874,6879.574193
544 - PATHOLOGICAL FRACTURES & MUSCULOSKELET & CONN TISS MALIG W/O CC/MCC,4301,28067.16252,6209.216694,4743.053941
545 - CONNECTIVE TISSUE DISORDERS W MCC,3727,82360.13899,21118.32546,17491.69225
546 - CONNECTIVE TISSUE DISORDERS W CC,3931,41725.8957,9807.558891,7686.767489
547 - CONNECTIVE TISSUE DISORDERS W/O CC/MCC,1340,30102.30075,7053.801493,5233.977612
548 - SEPTIC ARTHRITIS W MCC,659,64706.50835,17317.34143,15029.03338
549 - SEPTIC ARTHRITIS W CC,1254,39525.95853,9462.634769,7659.767145
550 - SEPTIC ARTHRITIS W/O CC/MCC,432,29469.14815,7194.039352,5450.819444
551 - MEDICAL BACK PROBLEMS W MCC,13774,53665.95056,12024.39074,10063.42798
552 - MEDICAL BACK PROBLEMS W/O MCC,52086,33224.5571,7224.025362,5500.011078
553 - BONE DISEASES & ARTHROPATHIES W MCC,2677,45075.93201,11290.92903,9522.085917
554 - BONE DISEASES & ARTHROPATHIES W/O MCC,12190,26153.96112,6490.962756,4961.87137
555 - SIGNS & SYMPTOMS OF MUSCULOSKELETAL SYSTEM & CONN TISSUE W MCC,2529,46302.52155,11339.05654,9705.266113
556 - SIGNS & SYMPTOMS OF MUSCULOSKELETAL SYSTEM & CONN TISSUE W/O MCC,9805,28764.63437,6732.950739,5266.1795
"557 - TENDONITIS, MYOSITIS & BURSITIS W MCC",4083,45358.12883,10874.9204,9122.723733
"558 - ""TENDONITIS, MYOSITIS & BURSITIS W/O MCC""",10725,29000.28559,6851.741259,5256.464429
"559 - AFTERCARE, MUSCULOSKELETAL SYSTEM & CONNECTIVE TISSUE W MCC",3161,55292.93262,13572.77096,11877.72066
"560 - ""AFTERCARE, MUSCULOSKELETAL SYSTEM & CONNECTIVE TISSUE W CC""",5652,33622.68631,9641.194798,8206.359696
"561 - AFTERCARE, MUSCULOSKELETAL SYSTEM & CONNECTIVE TISSUE W/O CC/MCC",3008,23711.6496,7619.337434,6466.098404
"562 - ""FX, SPRN, STRN & DISL EXCEPT FEMUR, HIP, PELVIS & THIGH W MCC""",6842,44378.32184,10574.28778,8890.040924
"563 - FX, SPRN, STRN & DISL EXCEPT FEMUR, HIP, PELVIS & THIGH W/O MCC",24967,29062.67693,6607.902351,4999.124444
564 - OTHER MUSCULOSKELETAL SYS & CONNECTIVE TISSUE DIAGNOSES W MCC,4684,49199.51217,11455.24402,9705.719684
565 - OTHER MUSCULOSKELETAL SYS & CONNECTIVE TISSUE DIAGNOSES W CC,7341,33387.16183,7650.28048,6020.191936
566 - OTHER MUSCULOSKELETAL SYS & CONNECTIVE TISSUE DIAGNOSES W/O CC/MCC,1881,26978.85274,6341.633706,4689.968634
570 - SKIN DEBRIDEMENT W MCC,4375,78193.72937,19143.9696,16712.6736
571 - SKIN DEBRIDEMENT W CC,5353,51253.32711,12181.59238,9989.445731
572 - SKIN DEBRIDEMENT W/O CC/MCC,1568,39313.6301,9223.824617,7170.341837
573 - SKIN GRAFT FOR SKIN ULCER OR CELLULITIS W MCC,1202,126515.8652,29503.84859,25637.88935
574 - SKIN GRAFT FOR SKIN ULCER OR CELLULITIS W CC,816,89738.36887,22361.30515,18997.70466
575 - SKIN GRAFT FOR SKIN ULCER OR CELLULITIS W/O CC/MCC,188,61380.30319,13430.79787,11192.35106
576 - SKIN GRAFT EXC FOR SKIN ULCER OR CELLULITIS W MCC,520,173618.8519,43300.97308,36247.41154
577 - SKIN GRAFT EXC FOR SKIN ULCER OR CELLULITIS W CC,1590,91622.5283,21173.03208,18024.67925
578 - SKIN GRAFT EXC FOR SKIN ULCER OR CELLULITIS W/O CC/MCC,952,64481.27836,13691.34874,10624.65231
"579 - ""OTHER SKIN, SUBCUT TISS & BREAST PROC W MCC""",5661,86306.19802,20276.2141,17565.20138
"580 - OTHER SKIN, SUBCUT TISS & BREAST PROC W CC",9696,52841.44173,12236.26991,9846.023721
"581 - ""OTHER SKIN, SUBCUT TISS & BREAST PROC W/O CC/MCC""",4596,47586.01697,10280.55744,7656.504134
582 - MASTECTOMY FOR MALIGNANCY W CC/MCC,649,59646.42373,12053.89985,9903.929122
583 - MASTECTOMY FOR MALIGNANCY W/O CC/MCC,698,56995.93267,11689.12178,8850.965616
"584 - BREAST BIOPSY, LOCAL EXCISION & OTHER BREAST PROCEDURES W CC/MCC",598,75115.31438,15546.73579,12337.72074
"585 - ""BREAST BIOPSY, LOCAL EXCISION & OTHER BREAST PROCEDURES W/O CC/MCC""",722,68143.4723,14421.09972,10497.32826
592 - SKIN ULCERS W MCC,5182,43456.45774,11292.93014,9622.595716
593 - SKIN ULCERS W CC,3197,31493.95777,8207.014389,6762.878323
594 - SKIN ULCERS W/O CC/MCC,378,24248.48413,6576.854497,5136.216931
595 - MAJOR SKIN DISORDERS W MCC,1058,65593.28828,18417.96314,15955.70416
596 - MAJOR SKIN DISORDERS W/O MCC,2713,32500.82381,8656.664947,6725.0446
597 - MALIGNANT BREAST DISORDERS W MCC,1539,59000.64457,14540.74919,12271.78817
598 - MALIGNANT BREAST DISORDERS W CC,1422,39404.78411,9008.694796,7367.970464
599 - MALIGNANT BREAST DISORDERS W/O CC/MCC,104,29098.01923,7401.096154,5693.951923
600 - NON-MALIGNANT BREAST DISORDERS W CC/MCC,979,31747.77426,7895.402452,6120.608785
601 - NON-MALIGNANT BREAST DISORDERS W/O CC/MCC,435,21578.72644,5505.797701,3811.004598
602 - CELLULITIS W MCC,26599,42827.62029,10911.76097,9238.62164
603 - CELLULITIS W/O MCC,103048,25930.23444,6757.97737,5161.16732
"604 - TRAUMA TO THE SKIN, SUBCUT TISS & BREAST W MCC",3483,51664.36233,11512.83463,9801.753661
"605 - ""TRAUMA TO THE SKIN, SUBCUT TISS & BREAST W/O MCC""",13000,32357.99,7037.400692,5392.086769
606 - MINOR SKIN DISORDERS W MCC,1870,48837.97861,12221.57647,10160.49251
607 - MINOR SKIN DISORDERS W/O MCC,5808,27441.64566,7024.698347,5385.280475
614 - ADRENAL & PITUITARY PROCEDURES W CC/MCC,2110,102165.3109,22395.06493,18547.98578
615 - ADRENAL & PITUITARY PROCEDURES W/O CC/MCC,1242,63455.24396,13233.37118,9876.94847
"616 - AMPUTAT OF LOWER LIMB FOR ENDOCRINE,NUTRIT,& METABOL DIS W MCC",3117,121630.7366,29590.21399,25729.38595
"617 - ""AMPUTAT OF LOWER LIMB FOR ENDOCRINE,NUTRIT,& METABOL DIS W CC""",14907,65652.75897,15825.63541,13107.82263
"618 - AMPUTAT OF LOWER LIMB FOR ENDOCRINE,NUTRIT,& METABOL DIS W/O CC/MCC",104,41096.75,10186.58654,6968.586539
619 - O.R. PROCEDURES FOR OBESITY W MCC,991,106850.5681,27066.99395,21766.68618
620 - O.R. PROCEDURES FOR OBESITY W CC,3862,64033.79208,14322.98783,11214.19213
621 - O.R. PROCEDURES FOR OBESITY W/O CC/MCC,13168,54600.4918,12097.03607,9266.150061
"622 - SKIN GRAFTS & WOUND DEBRID FOR ENDOC, NUTRIT & METAB DIS W MCC",1718,114568.5832,28702.27183,24882.02794
"623 - ""SKIN GRAFTS & WOUND DEBRID FOR ENDOC, NUTRIT & METAB DIS W CC""",5153,61084.80924,14396.6992,12119.93053
"624 - SKIN GRAFTS & WOUND DEBRID FOR ENDOC, NUTRIT & METAB DIS W/O CC/MCC",243,37484.21399,9703.736626,7835.069959
"625 - ""THYROID, PARATHYROID & THYROGLOSSAL PROCEDURES W MCC""",874,110013.6831,22338.49199,19627.77117
"626 - THYROID, PARATHYROID & THYROGLOSSAL PROCEDURES W CC",1304,70684.35199,13622.58512,10845.93712
"627 - ""THYROID, PARATHYROID & THYROGLOSSAL PROCEDURES W/O CC/MCC""",1298,48278.2866,9104.068567,6839.756549
"628 - OTHER ENDOCRINE, NUTRIT & METAB O.R. PROC W MCC",3305,120558.5183,27791.80575,24907.02451
"629 - ""OTHER ENDOCRINE, NUTRIT & METAB O.R. PROC W CC""",5731,75977.33345,17582.13279,14900.04833
"630 - OTHER ENDOCRINE, NUTRIT & METAB O.R. PROC W/O CC/MCC",264,53983.42046,12698.88636,10291.90152
637 - DIABETES W MCC,34026,45086.2007,10520.60322,8816.888468
638 - DIABETES W CC,54249,28974.03296,6969.189294,5465.316854
639 - DIABETES W/O CC/MCC,10140,21126.54803,5325.305621,3969.228501
"640 - MISC DISORDERS OF NUTRITION,METABOLISM,FLUIDS/ELECTROLYTES W MCC",76338,39229.77833,9413.790773,7944.760853
"641 - ""MISC DISORDERS OF NUTRITION,METABOLISM,FLUIDS/ELECTROLYTES W/O MCC""",85926,25571.30453,6099.629484,4688.978354
642 - INBORN AND OTHER DISORDERS OF METABOLISM,1936,44770.66581,11062.31767,9128.418905
643 - ENDOCRINE DISORDERS W MCC,10732,52869.62999,12446.18254,10537.81793
644 - ENDOCRINE DISORDERS W CC,12419,34667.27989,8072.878332,6454.63894
645 - ENDOCRINE DISORDERS W/O CC/MCC,4351,26703.7897,6080.367272,4556.227764
652 - KIDNEY TRANSPLANT,11441,252162.7749,39258.99581,27584.81977
653 - MAJOR BLADDER PROCEDURES W MCC,1580,191193.3247,44712.27089,39194.3443
654 - MAJOR BLADDER PROCEDURES W CC,4160,108612.5704,23199.80793,19123.30024
655 - MAJOR BLADDER PROCEDURES W/O CC/MCC,1475,83542.57424,18153.95593,13996.92203
656 - KIDNEY & URETER PROCEDURES FOR NEOPLASM W MCC,2887,123262.3315,27865.97229,23831.0194
657 - KIDNEY & URETER PROCEDURES FOR NEOPLASM W CC,6878,75581.30372,15866.50553,12873.24644
658 - KIDNEY & URETER PROCEDURES FOR NEOPLASM W/O CC/MCC,6093,61096.83932,12648.59626,9578.127031
659 - KIDNEY & URETER PROCEDURES FOR NON-NEOPLASM W MCC,2875,119281.7176,29229.80765,24736.88765
660 - KIDNEY & URETER PROCEDURES FOR NON-NEOPLASM W CC,6162,67278.27897,14823.0508,11900.05193
661 - KIDNEY & URETER PROCEDURES FOR NON-NEOPLASM W/O CC/MCC,2997,58112.19419,11893.29163,9151.719052
662 - MINOR BLADDER PROCEDURES W MCC,716,106336.0182,24481.50698,22288.02793
663 - MINOR BLADDER PROCEDURES W CC,1512,55626.7037,13439.4504,11588.25595
664 - MINOR BLADDER PROCEDURES W/O CC/MCC,593,41701.17201,10509.58516,8214.998314
665 - PROSTATECTOMY W MCC,717,103945.9135,23267.67782,21291.53417
666 - PROSTATECTOMY W CC,1762,62535.83258,12953.26561,11015.6924
667 - PROSTATECTOMY W/O CC/MCC,515,35350.8699,7684.693204,5858.378641
668 - TRANSURETHRAL PROCEDURES W MCC,3781,92609.73155,20040.18329,17826.46416
669 - TRANSURETHRAL PROCEDURES W CC,12019,50973.41418,10378.15575,8486.491305
670 - TRANSURETHRAL PROCEDURES W/O CC/MCC,2454,39361.01182,7768.45762,5816.215566
671 - URETHRAL PROCEDURES W CC/MCC,401,66260.11721,13069.7606,10339.38404
672 - URETHRAL PROCEDURES W/O CC/MCC,201,44957.39304,9332.323383,6977.507463
673 - OTHER KIDNEY & URINARY TRACT PROCEDURES W MCC,11694,117414.8809,27830.42483,24741.209
674 - OTHER KIDNEY & URINARY TRACT PROCEDURES W CC,6405,81737.16003,18240.16425,15410.95894
675 - OTHER KIDNEY & URINARY TRACT PROCEDURES W/O CC/MCC,462,56785.96104,13034.34849,10515.26407
682 - RENAL FAILURE W MCC,111890,46620.07572,11182.62816,9576.721271
683 - RENAL FAILURE W CC,133909,29840.34438,7211.851242,5745.191839
684 - RENAL FAILURE W/O CC/MCC,17788,21721.45531,5074.157972,3669.314875
685 - ADMIT FOR RENAL DIALYSIS,66,36307.25758,8692.818182,7584.681818
686 - KIDNEY & URINARY TRACT NEOPLASMS W MCC,1795,61433.73482,14548.6,12468.02061
687 - KIDNEY & URINARY TRACT NEOPLASMS W CC,2656,39047.35505,8869.449172,7223.741717
688 - KIDNEY & URINARY TRACT NEOPLASMS W/O CC/MCC,302,32632.87748,7080.519868,5482.933775
689 - KIDNEY & URINARY TRACT INFECTIONS W MCC,87032,35270.7148,8098.867371,6722.750758
690 - KIDNEY & URINARY TRACT INFECTIONS W/O MCC,131415,26819.82217,6244.460678,4866.634311
691 - URINARY STONES W ESW LITHOTRIPSY W CC/MCC,474,54206.84599,11094.8038,9064.881857
692 - URINARY STONES W ESW LITHOTRIPSY W/O CC/MCC,40,44313.95,9283.325,6637.35
693 - URINARY STONES W/O ESW LITHOTRIPSY W MCC,2624,52579.50457,11346.13872,9390.139482
694 - URINARY STONES W/O ESW LITHOTRIPSY W/O MCC,15709,31367.21701,6529.882106,4783.354065
695 - KIDNEY & URINARY TRACT SIGNS & SYMPTOMS W MCC,1267,40255.31807,9450.701658,8152.171271
696 - KIDNEY & URINARY TRACT SIGNS & SYMPTOMS W/O MCC,6227,23617.02586,5733.656978,4401.15497
697 - URETHRAL STRICTURE,505,35674.34059,7902.366337,6397.865347
698 - OTHER KIDNEY & URINARY TRACT DIAGNOSES W MCC,63866,51872.82194,12315.71171,10524.19328
699 - OTHER KIDNEY & URINARY TRACT DIAGNOSES W CC,35157,35965.18873,8866.299855,7099.167335
700 - OTHER KIDNEY & URINARY TRACT DIAGNOSES W/O CC/MCC,4010,26487.31347,6529.727681,4984.302993
707 - MAJOR MALE PELVIC PROCEDURES W CC/MCC,4332,75484.80379,15677.39358,11364.90743
708 - MAJOR MALE PELVIC PROCEDURES W/O CC/MCC,9665,60205.23766,12143.88971,7651.824315
709 - PENIS PROCEDURES W CC/MCC,450,86633.02667,19848.26889,17100.22444
710 - PENIS PROCEDURES W/O CC/MCC,220,55778.92273,12878.60455,9617.609091
711 - TESTES PROCEDURES W CC/MCC,452,76664.53319,17261.34071,14374.75221
712 - TESTES PROCEDURES W/O CC/MCC,133,38334.84211,7615.157895,5711.62406
713 - TRANSURETHRAL PROSTATECTOMY W CC/MCC,5182,52248.04284,11187.75164,9237.00521
714 - TRANSURETHRAL PROSTATECTOMY W/O CC/MCC,1718,34273.77823,7239.511641,5437.477299
715 - OTHER MALE REPRODUCTIVE SYSTEM O.R. PROC FOR MALIGNANCY W CC/MCC,387,79092.1137,17961.48062,15278
716 - OTHER MALE REPRODUCTIVE SYSTEM O.R. PROC FOR MALIGNANCY W/O CC/MCC,119,62160.84034,11319.33613,8510.512605
717 - OTHER MALE REPRODUCTIVE SYSTEM O.R. PROC EXC MALIGNANCY W CC/MCC,1143,67921.65004,15996.5993,12641.32983
718 - OTHER MALE REPRODUCTIVE SYSTEM O.R. PROC EXC MALIGNANCY W/O CC/MCC,310,53794.95807,10754.3871,7443.374194
"722 - ""MALIGNANCY, MALE REPRODUCTIVE SYSTEM W MCC""",920,61626.91413,14734.99783,12300.525
"723 - MALIGNANCY, MALE REPRODUCTIVE SYSTEM W CC",1587,39623.52867,9180.269061,7488.613107
"724 - ""MALIGNANCY, MALE REPRODUCTIVE SYSTEM W/O CC/MCC""",101,23194.25743,6395.752475,4955.356436
725 - BENIGN PROSTATIC HYPERTROPHY W MCC,784,41516.94133,9845.568878,8478.186225
726 - BENIGN PROSTATIC HYPERTROPHY W/O MCC,2522,26202.24068,6149.850912,4636.432593
727 - INFLAMMATION OF THE MALE REPRODUCTIVE SYSTEM W MCC,1613,47435.93366,11359.89213,9729.885927
728 - INFLAMMATION OF THE MALE REPRODUCTIVE SYSTEM W/O MCC,4773,28068.98492,6739.697674,4959.607794
729 - OTHER MALE REPRODUCTIVE SYSTEM DIAGNOSES W CC/MCC,708,36123.32203,8684.190678,7254.344633
730 - OTHER MALE REPRODUCTIVE SYSTEM DIAGNOSES W/O CC/MCC,103,25970.56311,5777.796117,4326.504854
"734 - PELVIC EVISCERATION, RAD HYSTERECTOMY & RAD VULVECTOMY W CC/MCC",892,90262.95628,19870.84417,16502.60762
"735 - ""PELVIC EVISCERATION, RAD HYSTERECTOMY & RAD VULVECTOMY W/O CC/MCC""",539,60018.37106,10832.17996,8722.96846
736 - UTERINE & ADNEXA PROC FOR OVARIAN OR ADNEXAL MALIGNANCY W MCC,662,161997.1299,34955.70997,30970.36556
737 - UTERINE & ADNEXA PROC FOR OVARIAN OR ADNEXAL MALIGNANCY W CC,2554,79450.73649,17011.76038,13667.46633
738 - UTERINE & ADNEXA PROC FOR OVARIAN OR ADNEXAL MALIGNANCY W/O CC/MCC,544,55802.13052,12424.08456,9251.625
"739 - ""UTERINE,ADNEXA PROC FOR NON-OVARIAN/ADNEXAL MALIG W MCC""",528,143433.5777,32718.89394,28761.42614
"740 - UTERINE,ADNEXA PROC FOR NON-OVARIAN/ADNEXAL MALIG W CC",2351,73342.99702,15041.56061,12224.49596
"741 - ""UTERINE,ADNEXA PROC FOR NON-OVARIAN/ADNEXAL MALIG W/O CC/MCC""",1724,57017.64269,10707.06497,8326.649072
742 - UTERINE & ADNEXA PROC FOR NON-MALIGNANCY W CC/MCC,4526,65051.73288,14182.14008,11076.85948
743 - UTERINE & ADNEXA PROC FOR NON-MALIGNANCY W/O CC/MCC,6087,45745.69952,9081.268277,6567.712831
"744 - D&C, CONIZATION, LAPAROSCOPY & TUBAL INTERRUPTION W CC/MCC",1343,64502.4006,14490.4274,12241.85555
"745 - ""D&C, CONIZATION, LAPAROSCOPY & TUBAL INTERRUPTION W/O CC/MCC""",227,46227.3304,8993.920705,7040.555066
"746 - VAGINA, CERVIX & VULVA PROCEDURES W CC/MCC",1447,61914.21147,14301.09952,11624.2557
"747 - ""VAGINA, CERVIX & VULVA PROCEDURES W/O CC/MCC""",1426,37927.48878,8052.070828,6181.221599
748 - FEMALE REPRODUCTIVE SYSTEM RECONSTRUCTIVE PROCEDURES,1535,50252.40326,10637.72834,8227.94202
749 - OTHER FEMALE REPRODUCTIVE SYSTEM O.R. PROCEDURES W CC/MCC,836,94314.27392,22152.88038,18434.46053
750 - OTHER FEMALE REPRODUCTIVE SYSTEM O.R. PROCEDURES W/O CC/MCC,160,51864.2625,11706.6375,8513.36875
"754 - ""MALIGNANCY, FEMALE REPRODUCTIVE SYSTEM W MCC""",1831,61619.79738,14931.60131,12866.30038
"755 - MALIGNANCY, FEMALE REPRODUCTIVE SYSTEM W CC",2545,37984.71316,9253.362672,7592.463261
"756 - ""MALIGNANCY, FEMALE REPRODUCTIVE SYSTEM W/O CC/MCC""",197,36958.38071,6529.096447,4963.162437
"757 - INFECTIONS, FEMALE REPRODUCTIVE SYSTEM W MCC",985,45118.61218,11117.41523,9838.622335
"758 - ""INFECTIONS, FEMALE REPRODUCTIVE SYSTEM W CC""",1297,33332.5798,8133.508096,6686.996145
"759 - INFECTIONS, FEMALE REPRODUCTIVE SYSTEM W/O CC/MCC",454,23241.43833,6228.845815,4606.330397
760 - MENSTRUAL & OTHER FEMALE REPRODUCTIVE SYSTEM DISORDERS W CC/MCC,1534,31789.6206,7407.634941,5841.288788
761 - MENSTRUAL & OTHER FEMALE REPRODUCTIVE SYSTEM DISORDERS W/O CC/MCC,319,21553.00627,5428.216301,3946.92163
765 - CESAREAN SECTION W CC/MCC,3692,38956.04307,10925.27952,8394.437161
766 - CESAREAN SECTION W/O CC/MCC,1856,25822.61315,7099.466056,5168.133621
767 - VAGINAL DELIVERY W STERILIZATION &/OR D&C,382,31399.5288,9239.6911,6961.267016
768 - VAGINAL DELIVERY W O.R. PROC EXCEPT STERIL &/OR D&C,32,29385.6875,9248.78125,7286.5625
769 - POSTPARTUM & POST ABORTION DIAGNOSES W O.R. PROCEDURE,79,55647.39241,14321.81013,13303.87342
"770 - ABORTION W D&C, ASPIRATION CURETTAGE OR HYSTEROTOMY",96,37651.04167,8458.135417,6642.479167
774 - VAGINAL DELIVERY W COMPLICATING DIAGNOSES,1676,22184.79773,8152.98926,5983.929594
775 - VAGINAL DELIVERY W/O COMPLICATING DIAGNOSES,4820,16243.6973,5957.428838,4180.138797
776 - POSTPARTUM & POST ABORTION DIAGNOSES W/O O.R. PROCEDURE,496,25733.93347,7277.497984,6123.985887
777 - ECTOPIC PREGNANCY,59,44551.98305,7134.830509,5621.389831
778 - THREATENED ABORTION,214,13755.06542,6397.135514,5074.584112
779 - ABORTION W/O D&C,56,28177.82143,7268.607143,5866.517857
780 - FALSE LABOR,56,11952.03571,7642.678571,4530.982143
781 - OTHER ANTEPARTUM DIAGNOSES W MEDICAL COMPLICATIONS,2406,26994.54032,8617.378221,6686.398171
782 - OTHER ANTEPARTUM DIAGNOSES W/O MEDICAL COMPLICATIONS,56,12242.46429,5625.714286,4095.5
799 - SPLENECTOMY W MCC,464,180452.3082,41130.39009,35944.40948
800 - SPLENECTOMY W CC,326,104477.454,23075.22393,19858.76994
801 - SPLENECTOMY W/O CC/MCC,176,68716.85796,13412.48296,11180.15909
802 - OTHER O.R. PROC OF THE BLOOD & BLOOD FORMING ORGANS W MCC,869,111407.771,27387.85386,24113.62831
803 - OTHER O.R. PROC OF THE BLOOD & BLOOD FORMING ORGANS W CC,930,66014.47204,14704.07527,12355.93763
804 - OTHER O.R. PROC OF THE BLOOD & BLOOD FORMING ORGANS W/O CC/MCC,422,55026.65166,9867.315166,7546.637441
808 - MAJOR HEMATOL/IMMUN DIAG EXC SICKLE CELL CRISIS & COAGUL W MCC,7959,71242.34929,17850.87586,15497.33811
809 - MAJOR HEMATOL/IMMUN DIAG EXC SICKLE CELL CRISIS & COAGUL W CC,13796,41673.77783,10153.30444,8198.765294
810 - MAJOR HEMATOL/IMMUN DIAG EXC SICKLE CELL CRISIS & COAGUL W/O CC/MCC,1773,36934.05866,8541.471517,6639.141004
811 - RED BLOOD CELL DISORDERS W MCC,26648,44873.47396,10708.91583,9105.371135
812 - RED BLOOD CELL DISORDERS W/O MCC,55766,29777.05806,7275.163774,5757.771366
813 - COAGULATION DISORDERS,17428,64614.11309,16441.58481,14682.78208
814 - RETICULOENDOTHELIAL & IMMUNITY DISORDERS W MCC,1718,63716.38126,15097.21013,12727.05821
815 - RETICULOENDOTHELIAL & IMMUNITY DISORDERS W CC,2745,37365.58761,8427.778871,6646.7949
816 - RETICULOENDOTHELIAL & IMMUNITY DISORDERS W/O CC/MCC,748,28123.37968,6034.80615,4214.907754
820 - LYMPHOMA & LEUKEMIA W MAJOR O.R. PROCEDURE W MCC,941,229579.9097,53790.72157,46131.65037
821 - LYMPHOMA & LEUKEMIA W MAJOR O.R. PROCEDURE W CC,1063,88024.01035,20301.66228,16725.95579
822 - LYMPHOMA & LEUKEMIA W MAJOR O.R. PROCEDURE W/O CC/MCC,916,54988.23799,11047.6048,8654.661572
823 - LYMPHOMA & NON-ACUTE LEUKEMIA W OTHER PROC W MCC,2238,169797.9844,40813.38606,34598.79759
824 - LYMPHOMA & NON-ACUTE LEUKEMIA W OTHER PROC W CC,2052,89935.10819,19000.20078,15370.19347
825 - LYMPHOMA & NON-ACUTE LEUKEMIA W OTHER PROC W/O CC/MCC,624,56052.57372,11374.65865,8731.290064
826 - MYELOPROLIF DISORD OR POORLY DIFF NEOPL W MAJ O.R. PROC W MCC,790,200977.3785,49232.89747,42157.22785
827 - MYELOPROLIF DISORD OR POORLY DIFF NEOPL W MAJ O.R. PROC W CC,1307,93365.04744,21608.39709,17774.81637
828 - MYELOPROLIF DISORD OR POORLY DIFF NEOPL W MAJ O.R. PROC W/O CC/MCC,826,68955.6138,14947.31961,11597.9201
829 - MYELOPROLIFERATIVE DISORDERS OR POORLY DIFFERENTIATED NEOPLASMS W OT,1504,150765.7207,34800.4867,28646.62965
830 - MYELOPROLIFERATIVE DISORDERS OR POORLY DIFFERENTIATED NEOPLASMS W OT,326,57848.65644,11674.57669,8589.539877
834 - ACUTE LEUKEMIA W/O MAJOR O.R. PROCEDURE W MCC,4313,211375.4408,55910.01229,47793.901
835 - ACUTE LEUKEMIA W/O MAJOR O.R. PROCEDURE W CC,2168,72225.23478,19100.76153,15933.42205
836 - ACUTE LEUKEMIA W/O MAJOR O.R. PROCEDURE W/O CC/MCC,451,48240.88027,11932.43016,10049.72284
837 - CHEMO W ACUTE LEUKEMIA AS SDX OR W HIGH DOSE CHEMO AGENT W MCC,1969,205577.0345,60366.93906,50272.80193
838 - CHEMO W ACUTE LEUKEMIA AS SDX W CC OR HIGH DOSE CHEMO AGENT,1186,79689.36003,25593.20068,21033.52024
839 - CHEMO W ACUTE LEUKEMIA AS SDX W/O CC/MCC,922,44611.97289,13056.49241,10369.28417
840 - LYMPHOMA & NON-ACUTE LEUKEMIA W MCC,9174,109961.9767,27082.92762,23315.69653
841 - LYMPHOMA & NON-ACUTE LEUKEMIA W CC,7438,59197.27978,13540.11791,11211.2619
842 - LYMPHOMA & NON-ACUTE LEUKEMIA W/O CC/MCC,1565,45771.57508,9817.286262,7752.249201
843 - OTHER MYELOPROLIF DIS OR POORLY DIFF NEOPL DIAG W MCC,2127,69050.62341,15408.15844,12988.36436
844 - OTHER MYELOPROLIF DIS OR POORLY DIFF NEOPL DIAG W CC,1969,45268.03301,10077.23718,8237.314373
845 - OTHER MYELOPROLIF DIS OR POORLY DIFF NEOPL DIAG W/O CC/MCC,344,33473.96512,7452.078488,5727.017442
846 - CHEMOTHERAPY W/O ACUTE LEUKEMIA AS SECONDARY DIAGNOSIS W MCC,3511,122876.1356,29349.90573,25316.73939
847 - CHEMOTHERAPY W/O ACUTE LEUKEMIA AS SECONDARY DIAGNOSIS W CC,12540,49654.81451,11951.08589,9849.226794
848 - CHEMOTHERAPY W/O ACUTE LEUKEMIA AS SECONDARY DIAGNOSIS W/O CC/MCC,287,35826.9338,9354.804878,7698.188153
849 - RADIOTHERAPY,412,78341.57524,18259.72816,14779.57282
853 - INFECTIOUS & PARASITIC DISEASES W O.R. PROCEDURE W MCC,92633,173526.2221,39570.83004,35379.21305
854 - INFECTIOUS & PARASITIC DISEASES W O.R. PROCEDURE W CC,19390,81192.38195,17912.61099,15100.97133
855 - INFECTIOUS & PARASITIC DISEASES W O.R. PROCEDURE W/O CC/MCC,241,59808.361,11716.77178,9463.40249
856 - POSTOPERATIVE OR POST-TRAUMATIC INFECTIONS W O.R. PROC W MCC,8642,144954.3315,34945.63307,30599.02962
857 - POSTOPERATIVE OR POST-TRAUMATIC INFECTIONS W O.R. PROC W CC,9295,67055.35309,15704.6624,13114.03841
858 - POSTOPERATIVE OR POST-TRAUMATIC INFECTIONS W O.R. PROC W/O CC/MCC,1166,47045.241,10695.79331,8717.608919
862 - POSTOPERATIVE & POST-TRAUMATIC INFECTIONS W MCC,12699,62272.85904,14772.46334,12508.04189
863 - POSTOPERATIVE & POST-TRAUMATIC INFECTIONS W/O MCC,11350,32450.9867,8322.304493,6687.772687
864 - FEVER AND INFLAMMATORY CONDITIONS,10021,30940.53817,7222.165652,5640.425706
865 - VIRAL ILLNESS W MCC,3983,46941.62089,12535.92568,10360.06452
866 - VIRAL ILLNESS W/O MCC,7293,29445.07048,6966.926231,5057.228987
867 - OTHER INFECTIOUS & PARASITIC DISEASES DIAGNOSES W MCC,2508,65161.4685,18483.94298,14760.3441
868 - OTHER INFECTIOUS & PARASITIC DISEASES DIAGNOSES W CC,1926,36033.62773,8855.82243,6807.392523
869 - OTHER INFECTIOUS & PARASITIC DISEASES DIAGNOSES W/O CC/MCC,390,25625.4,6387.802564,4684.984615
870 - SEPTICEMIA OR SEVERE SEPSIS W MV >96 HOURS OR PERIPHERAL EXTRACORPOR,30662,207095.2499,46464.57107,42322.89694
871 - SEPTICEMIA OR SEVERE SEPSIS W/O MV >96 HOURS W MCC,626802,61527.72677,13880.76153,12028.77094
872 - SEPTICEMIA OR SEVERE SEPSIS W/O MV >96 HOURS W/O MCC,161581,35681.04782,8299.552924,6573.026123
876 - O.R. PROCEDURE W PRINCIPAL DIAGNOSES OF MENTAL ILLNESS,656,110830.8872,30401.53659,26457.65092
880 - ACUTE ADJUSTMENT REACTION & PSYCHOSOCIAL DYSFUNCTION,7468,30841.19349,6863.035217,5368.987949
881 - DEPRESSIVE NEUROSES,4478,19526.3544,6514.924967,5127.356409
882 - NEUROSES EXCEPT DEPRESSIVE,2062,22992.8225,6567.796799,5047.139185
883 - DISORDERS OF PERSONALITY & IMPULSE CONTROL,1170,31883.66325,10364.48718,8386.299145
884 - ORGANIC DISTURBANCES & INTELLECTUAL DISABILITY,19581,39789.51673,10626.47168,8796.458148
885 - PSYCHOSES,72646,27055.09662,9870.26157,8179.19222
886 - BEHAVIORAL & DEVELOPMENTAL DISORDERS,341,30868.1085,9203.703812,7137.41349
887 - OTHER MENTAL DISORDER DIAGNOSES,439,34598.65831,9134.67426,7004.849658
"894 - ""ALCOHOL/DRUG ABUSE OR DEPENDENCE, LEFT AMA""",4705,16950.11286,5217.557917,4178.74644
895 - ALCOHOL/DRUG ABUSE OR DEPENDENCE W REHABILITATION THERAPY,8788,20763.45369,9415.798817,8288.832613
896 - ALCOHOL/DRUG ABUSE OR DEPENDENCE W/O REHABILITATION THERAPY W MCC,10218,53624.35731,13166.35144,11198.59767
897 - ALCOHOL/DRUG ABUSE OR DEPENDENCE W/O REHABILITATION THERAPY W/O MCC,34287,22511.92615,6870.425526,5486.261499
901 - WOUND DEBRIDEMENTS FOR INJURIES W MCC,1090,148797.4284,38567.66239,33287.99633
902 - WOUND DEBRIDEMENTS FOR INJURIES W CC,2345,69192.61834,16756.41279,14053.27974
903 - WOUND DEBRIDEMENTS FOR INJURIES W/O CC/MCC,594,40139.15657,9915.513468,8573.897306
904 - SKIN GRAFTS FOR INJURIES W CC/MCC,1053,125342.6714,30774.03609,26381.12726
905 - SKIN GRAFTS FOR INJURIES W/O CC/MCC,252,59533.81349,13019.73016,10627.58333
906 - HAND PROCEDURES FOR INJURIES,543,66736.20995,15595.12339,12831.77716
907 - OTHER O.R. PROCEDURES FOR INJURIES W MCC,8553,143404.3264,33892.67053,29882.82053
908 - OTHER O.R. PROCEDURES FOR INJURIES W CC,9794,71866.71023,16118.88187,13497.0535
909 - OTHER O.R. PROCEDURES FOR INJURIES W/O CC/MCC,3245,47768.47519,11190.39507,9124.638521
913 - TRAUMATIC INJURY W MCC,873,51466.76976,11502.46392,9571.407789
914 - TRAUMATIC INJURY W/O MCC,2617,32845.70653,7043.822698,5368.142148
915 - ALLERGIC REACTIONS W MCC,2443,56146.49775,12897.96562,10929.47728
916 - ALLERGIC REACTIONS W/O MCC,4014,22040.74838,5268.908321,3632.116841
917 - POISONING & TOXIC EFFECTS OF DRUGS W MCC,30813,49376.60481,11218.76607,9419.705676
918 - POISONING & TOXIC EFFECTS OF DRUGS W/O MCC,17949,27195.76127,6386.771297,4938.647446
919 - COMPLICATIONS OF TREATMENT W MCC,14085,63830.82094,15324.03124,12849.44757
920 - COMPLICATIONS OF TREATMENT W CC,13321,35796.95661,8504.403799,6822.194505
921 - COMPLICATIONS OF TREATMENT W/O CC/MCC,3089,25026.44675,6204.552282,4666.665588
"922 - ""OTHER INJURY, POISONING & TOXIC EFFECT DIAG W MCC""",1757,51807.24758,12456.10586,10465.77234
"923 - OTHER INJURY, POISONING & TOXIC EFFECT DIAG W/O MCC",1988,30323.54376,7308.039738,5609.848089
927 - EXTENSIVE BURNS OR FULL THICKNESS BURNS W MV >96 HRS W SKIN GRAFT,154,704081.7792,171145.7857,153198.4286
928 - FULL THICKNESS BURN W SKIN GRAFT OR INHAL INJ W CC/MCC,1218,209036.1149,58254.51642,50473.36453
929 - FULL THICKNESS BURN W SKIN GRAFT OR INHAL INJ W/O CC/MCC,318,98312.79874,25356.59748,21762.00629
933 - EXTENSIVE BURNS OR FULL THICKNESS BURNS W MV >96 HRS W/O SKIN GRAFT,147,122405.7279,48246.82993,45349.62585
934 - FULL THICKNESS BURN W/O SKIN GRAFT OR INHAL INJ,517,56782.53192,17248.04255,14641.20503
935 - NON-EXTENSIVE BURNS,1797,63851.36561,17025.45242,14034.00334
939 - O.R. PROC W DIAGNOSES OF OTHER CONTACT W HEALTH SERVICES W MCC,780,129383.5423,32746.36795,26536.28974
940 - O.R. PROC W DIAGNOSES OF OTHER CONTACT W HEALTH SERVICES W CC,1596,78575.04699,19547.89724,16571.16729
941 - O.R. PROC W DIAGNOSES OF OTHER CONTACT W HEALTH SERVICES W/O CC/MCC,832,65872.52043,14903.58173,12482.64784
945 - REHABILITATION W CC/MCC,2348,27945.90588,12196.49659,11177.10647
946 - REHABILITATION W/O CC/MCC,516,31789.49612,8964.901163,7935.753876
947 - SIGNS & SYMPTOMS W MCC,9999,39625.93099,9693.239524,8120.731473
948 - SIGNS & SYMPTOMS W/O MCC,30692,27232.70237,6466.487163,5044.789457
949 - AFTERCARE W CC/MCC,1548,34110.08398,13633.50581,11552.62339
950 - AFTERCARE W/O CC/MCC,337,20656.727,9231.667656,7971.047478
951 - OTHER FACTORS INFLUENCING HEALTH STATUS,1878,20573.42971,6782.471246,5663.129926
955 - CRANIOTOMY FOR MULTIPLE SIGNIFICANT TRAUMA,479,235772.0292,55618.55324,48770.48017
"956 - LIMB REATTACHMENT, HIP & FEMUR PROC FOR MULTIPLE SIGNIFICANT TRAUMA",6240,130312.9123,30204.63974,26569.88462
957 - OTHER O.R. PROCEDURES FOR MULTIPLE SIGNIFICANT TRAUMA W MCC,2365,276566.6317,66880.39704,56351.97083
958 - OTHER O.R. PROCEDURES FOR MULTIPLE SIGNIFICANT TRAUMA W CC,1758,157312.3783,37777.68828,29884.7628
959 - OTHER O.R. PROCEDURES FOR MULTIPLE SIGNIFICANT TRAUMA W/O CC/MCC,148,105554.7703,22979.74324,18999.7027
963 - OTHER MULTIPLE SIGNIFICANT TRAUMA W MCC,2982,96220.87726,23201.49363,19520.09926
964 - OTHER MULTIPLE SIGNIFICANT TRAUMA W CC,4579,56234.18694,13090.36405,9598.707797
965 - OTHER MULTIPLE SIGNIFICANT TRAUMA W/O CC/MCC,861,35687.10105,8467.953542,6203.785134
969 - HIV W EXTENSIVE O.R. PROCEDURE W MCC,559,200533.0984,50992.09302,45741.15385
970 - HIV W EXTENSIVE O.R. PROCEDURE W/O MCC,27,107911.7037,25390.51852,20166.07407
974 - HIV W MAJOR RELATED CONDITION W MCC,4912,97659.45704,25241.72007,22571.04357
975 - HIV W MAJOR RELATED CONDITION W CC,2470,49702.74615,13041.12024,10882.93806
976 - HIV W MAJOR RELATED CONDITION W/O CC/MCC,468,33476.3718,9681.891026,8023.311966
977 - HIV W OR W/O OTHER RELATED CONDITION,1479,48082.40433,12461.15281,10441.45233
981 - EXTENSIVE O.R. PROCEDURE UNRELATED TO PRINCIPAL DIAGNOSIS W MCC,29703,144477.542,33680.86028,29760.43292
982 - EXTENSIVE O.R. PROCEDURE UNRELATED TO PRINCIPAL DIAGNOSIS W CC,15126,82985.43138,19080.26861,16335.7735
983 - EXTENSIVE O.R. PROCEDURE UNRELATED TO PRINCIPAL DIAGNOSIS W/O CC/MCC,3171,58446.32986,13427.25103,10669.95112
987 - NON-EXTENSIVE O.R. PROC UNRELATED TO PRINCIPAL DIAGNOSIS W MCC,10928,134472.5316,28919.52645,25039.11329
988 - NON-EXTENSIVE O.R. PROC UNRELATED TO PRINCIPAL DIAGNOSIS W CC,7813,60609.69384,13557.5999,11202.87866
989 - NON-EXTENSIVE O.R. PROC UNRELATED TO PRINCIPAL DIAGNOSIS W/O CC/MCC,1624,42561.13239,9108.16564,7086.063424
